input_length,concurrency,request_throughput,output_throughput,total_token_throughput,duration,mean_ttft_ms,median_ttft_ms,p90_ttft_ms,p99_ttft_ms,mean_tpot_ms,median_tpot_ms,p90_tpot_ms,p99_tpot_ms,mean_itl_ms,median_itl_ms,p90_itl_ms,p99_itl_ms,mean_e2el_ms,median_e2el_ms,p90_e2el_ms,p99_e2el_ms,completed,failed,max_concurrency,total_input_tokens,total_output_tokens
128,1,2.463537102780828,157.666374577973,472.999123733919,40.59204137300003,37.21760154001004,34.463701000049696,48.58935199997632,55.66445288997785,5.841962892856921,5.823118857141896,6.0211037888888,6.099064850792988,5.841962892856921,5.884675000061179,6.78479910002352,8.31635238988156,405.26126378999606,403.2467475000203,418.21785289987474,434.11313747981467,100,0,1,12800,6400
128,4,9.236601885951224,591.1425207008783,1773.427562102635,10.826492386999917,65.08313397999018,60.29294400002527,80.38909370004605,94.97178647999135,5.8309497011113205,5.837591325396874,5.870383341272596,5.899030049683879,5.830949701111321,5.86515650002184,6.940776700048446,8.724893749981693,432.4329651500034,428.03443699995114,450.4327260999389,460.93349754001565,100,0,4,12800,6400
128,8,15.410437132040302,986.2679764505793,2958.803929351738,6.489108592000093,88.7455445499836,85.86717699995461,107.78254880003715,114.91344267985141,6.5421015047620195,6.554625484128222,6.663274826982637,6.722510650476998,6.542101504762019,6.512960000009116,7.8546362998395125,9.675319120030965,500.89793934999085,500.5660350001335,519.4562021001275,525.28800339996,100,0,8,12800,6400
512,1,2.223176405385478,142.2832899446706,1280.5496095020353,44.980686084000126,56.90092906000473,56.35328649998428,59.525655500010544,63.260781520041306,6.226103554285695,6.225214579363377,6.3728972301568945,6.501559478092387,6.226103554285695,6.249379499990937,7.041383200134988,8.57441823993668,449.1454529800035,447.9383629999347,460.2089597999566,466.9053222501202,100,0,1,51200,6400
512,4,6.870232604069226,439.6948866604305,3957.253979943874,14.555547936000039,148.944614060008,168.02826900004675,185.1133201999346,195.80823801997894,6.866788324920551,6.460316285714696,7.980443976187359,8.129217034763776,6.866788324920551,6.435601000021052,7.490296100013439,13.309025390055961,581.5522785300027,576.035205500034,600.8150801000284,675.811328360062,100,0,4,51200,6400
512,8,9.711077737887592,621.5089752248059,5593.580777023253,10.297518225999966,253.42168440000023,225.81128449996868,337.8065529999276,345.57333731015206,8.67173286761907,7.673160523809417,11.318301160316778,11.536110221426865,8.67173286761907,7.591295999986869,8.213084999943021,11.01322962007547,799.7408550600016,807.688340000027,816.6660801998887,821.22430414993,100,0,8,51200,6400
1024,1,1.8660484559149657,119.4271011785578,2030.2607200354828,53.589176467000016,132.20016210000495,131.74565950009764,137.86217479996597,142.50485278996848,6.395414389365012,6.384227809522122,6.494101231747043,6.5279685468271245,6.395414389365013,6.4515509999409915,7.431067599873131,8.997917290078023,535.1112686300007,535.1662565000197,543.7867441001572,546.8369242701169,100,0,1,102400,6400
1024,4,4.392990672744491,281.15140305564745,4779.5738519460065,22.76353569799994,353.4577488599962,407.150832500065,468.8998015999914,485.2484280798717,8.830240902063654,7.978402769840468,12.266429531744523,12.42314764793632,8.838658672227679,7.159201999911602,8.305907200110596,115.78340897990526,909.7629256900063,909.435515000041,922.940452699936,936.3524436599528,100,0,4,102400,6400
1024,8,5.375879767817663,344.05630514033044,5848.9571873856175,18.601606493999952,614.9511338500088,593.3902360000047,901.1465460000409,920.7062226500102,13.26906352269834,11.219213126984927,20.657870779366153,21.209863572859817,13.27749367741416,9.01261950002663,10.062227000048551,220.17479554999684,1450.9021357800043,1476.312496000105,1495.7645577000221,1553.294351859929,100,0,8,102400,6400
